transaction_id,date,region,product,quantity,unit_price
001,2026-01-05,North,Laptop,2.0,899.0
002,01/07/2026,South,laptop,1.0,899.0
003,2026-01-09,North,Tablet,3.0,399.0
004,01/12/2026,East,Monitor,2.0,249.5
005,2026-01-15,West,Laptop,1.0,899.0
006,01/18/2026,North,Tablet,2.0,399.0
007,2026-01-21,South,Monitor,4.0,249.5
008,01/24/2026,East,Laptop,2.0,899.0
009,2026-02-02,West,Tablet,1.0,399.0
010,02/05/2026,North,Monitor,3.0,249.5
011,2026-02-08,South,Laptop,2.0,899.0
012,02/11/2026,East,Tablet,2.0,399.0
013,2026-02-15,West,Monitor,1.0,249.5
014,02/18/2026,North,Laptop,1.0,899.0
015,02/21/2026,South,Tablet,3.0,399.0
016,02/24/2026,East,Monitor,2.0,249.5
017,2026-03-03,West,Laptop,2.0,899.0
018,03/06/2026,North,Tablet,2.0,399.0
019,2026-03-09,South,Monitor,3.0,249.5
020,03/12/2026,East,Laptop,1.0,899.0
021,2026-03-15,West,Tablet,2.0,399.0
022,03/18/2026,North,Monitor,1.0,249.5
023,2026-03-21,South,Laptop,2.0,899.0
024,03/24/2026,East,Tablet,1.0,399.0
024,03/24/2026,East,Tablet,1.0,399.0
025,03/27/2026, west ,laptop,2.0,899.0
026,03/29/2026,North,Monitor,,249.5
027,03/30/2026,South,Tablet,1.0,-399.0
