transaction_id,date,region,product,quantity,unit_price,sales
001,2026-01-05,NORTH,Laptop,2.0,899.0,1798.0
002,2026-01-07,SOUTH,Laptop,1.0,899.0,899.0
003,2026-01-09,NORTH,Tablet,3.0,399.0,1197.0
004,2026-01-12,EAST,Monitor,2.0,249.5,499.0
005,2026-01-15,WEST,Laptop,1.0,899.0,899.0
006,2026-01-18,NORTH,Tablet,2.0,399.0,798.0
007,2026-01-21,SOUTH,Monitor,4.0,249.5,998.0
008,2026-01-24,EAST,Laptop,2.0,899.0,1798.0
009,2026-02-02,WEST,Tablet,1.0,399.0,399.0
010,2026-02-05,NORTH,Monitor,3.0,249.5,748.5
011,2026-02-08,SOUTH,Laptop,2.0,899.0,1798.0
012,2026-02-11,EAST,Tablet,2.0,399.0,798.0
013,2026-02-15,WEST,Monitor,1.0,249.5,249.5
014,2026-02-18,NORTH,Laptop,1.0,899.0,899.0
015,2026-02-21,SOUTH,Tablet,3.0,399.0,1197.0
016,2026-02-24,EAST,Monitor,2.0,249.5,499.0
017,2026-03-03,WEST,Laptop,2.0,899.0,1798.0
018,2026-03-06,NORTH,Tablet,2.0,399.0,798.0
019,2026-03-09,SOUTH,Monitor,3.0,249.5,748.5
020,2026-03-12,EAST,Laptop,1.0,899.0,899.0
021,2026-03-15,WEST,Tablet,2.0,399.0,798.0
022,2026-03-18,NORTH,Monitor,1.0,249.5,249.5
023,2026-03-21,SOUTH,Laptop,2.0,899.0,1798.0
024,2026-03-24,EAST,Tablet,1.0,399.0,399.0
025,2026-03-27,WEST,Laptop,2.0,899.0,1798.0
